{"cameraMode":{"drawMode":0,"name":"Shaded","section":"Shading Mode"},"sceneLighting":true,"audioPlay":false,"sceneViewState":{"m_AlwaysRefresh":false,"showFog":true,"showSkybox":true,"showFlares":true,"showImageEffects":true,"showParticleSystems":true,"showVisualEffectGraphs":true,"m_FxEnabled":true},"in2DMode":false,"pivot":{"x":16.75871467590332,"y":-0.1869415044784546,"z":27.37137794494629},"rotation":{"x":-0.017487628385424615,"y":-0.23242011666297913,"z":0.004254934843629599,"w":-0.9725199341773987},"size":21.224550247192384,"orthographic":false}