{"cameraMode":{"drawMode":0,"name":"Shaded","section":"Shading Mode"},"sceneLighting":true,"audioPlay":false,"sceneViewState":{"m_AlwaysRefresh":false,"showFog":true,"showSkybox":true,"showFlares":true,"showImageEffects":true,"showParticleSystems":true,"showVisualEffectGraphs":true,"m_FxEnabled":true},"in2DMode":false,"pivot":{"x":0.7499439120292664,"y":2.5935935974121095,"z":4.556079864501953},"rotation":{"x":-0.025488704442977907,"y":-0.02158522978425026,"z":0.000620054139290005,"w":-0.9994927048683167},"size":12.12435531616211,"orthographic":false}