{"cameraMode":{"drawMode":0,"name":"Shaded","section":"Shading Mode"},"sceneLighting":true,"audioPlay":false,"sceneViewState":{"m_AlwaysRefresh":false,"showFog":true,"showSkybox":true,"showFlares":true,"showImageEffects":true,"showParticleSystems":true,"showVisualEffectGraphs":true,"m_FxEnabled":true},"in2DMode":false,"pivot":{"x":0.2008707970380783,"y":-8.280072212219239,"z":22.043787002563478},"rotation":{"x":0.1834615021944046,"y":0.004103695973753929,"z":-0.0008396401535719633,"w":0.9830774664878845},"size":13.351790428161621,"orthographic":false}