{"cameraMode":{"drawMode":0,"name":"Shaded","section":"Shading Mode"},"sceneLighting":true,"audioPlay":false,"sceneViewState":{"m_AlwaysRefresh":false,"showFog":true,"showSkybox":true,"showFlares":true,"showImageEffects":true,"showParticleSystems":true,"showVisualEffectGraphs":true,"m_FxEnabled":true},"in2DMode":false,"pivot":{"x":1.5936869382858277,"y":-1.5313363075256348,"z":28.015335083007814},"rotation":{"x":0.08540014177560806,"y":-0.004505986347794533,"z":0.0003171150747220963,"w":0.9964298009872437},"size":25.587238311767579,"orthographic":false}