{"cameraMode":{"drawMode":0,"name":"Shaded","section":"Shading Mode"},"sceneLighting":true,"audioPlay":false,"sceneViewState":{"m_AlwaysRefresh":false,"showFog":true,"showSkybox":true,"showFlares":true,"showImageEffects":true,"showParticleSystems":true,"showVisualEffectGraphs":true,"m_FxEnabled":true},"in2DMode":false,"pivot":{"x":1.3701229095458985,"y":-1.3794028759002686,"z":-10.350704193115235},"rotation":{"x":0.0008790160063654184,"y":0.9926703572273254,"z":-0.12120471149682999,"w":0.008069386705756188},"size":10.123319625854493,"orthographic":false}