{"cameraMode":{"drawMode":0,"name":"Shaded","section":"Shading Mode"},"sceneLighting":true,"audioPlay":false,"sceneViewState":{"m_AlwaysRefresh":false,"showFog":true,"showSkybox":true,"showFlares":true,"showImageEffects":true,"showParticleSystems":true,"showVisualEffectGraphs":true,"m_FxEnabled":true},"in2DMode":false,"pivot":{"x":1.0200854539871216,"y":1.875499963760376,"z":28.029186248779298},"rotation":{"x":0.13885344564914704,"y":0.20780396461486817,"z":-0.029833516106009485,"w":0.9678415656089783},"size":31.713809967041017,"orthographic":false}