{"cameraMode":{"drawMode":0,"name":"Shaded","section":"Shading Mode"},"sceneLighting":true,"audioPlay":false,"sceneViewState":{"m_AlwaysRefresh":false,"showFog":true,"showSkybox":true,"showFlares":true,"showImageEffects":true,"showParticleSystems":true,"showVisualEffectGraphs":true,"m_FxEnabled":true},"in2DMode":false,"pivot":{"x":2.536229133605957,"y":-3.5742435455322267,"z":13.417828559875489},"rotation":{"x":0.15367867052555085,"y":0.05153369531035423,"z":-0.008097115904092789,"w":0.9867973923683167},"size":12.12435531616211,"orthographic":false}